,system,ff,guest_type,total,bond,ang,dih,v14,e14,ele,vdw,total_sem,bond_sem,ang_sem,dih_sem,v14_sem,e14_sem,ele_sem,vdw_sem
0,a-bam-p,smirnoff,aliphatic_ammoniums,-0.4157927233281953,-0.5790712240295228,-2.835390323183134,6.160620371147928,0.3242682332663662,1.192770035013723,-1.7947170288171037,-2.8842727867036047,0.28436077087226985,0.17587460826498222,0.5826190664395009,1.5442674687762403,0.137160938892628,0.36870734370087443,0.6275531270366775,0.3874634664008366
1,a-bam-p,bgbg_tip3p,aliphatic_ammoniums,0.43796618783744634,-1.2433552150751943,-4.13590593635152,10.380198561327418,-0.37284289607206134,-2.854269041142743,2.3298494526097784,-3.665708737438763,0.628791182953997,0.1476422696518682,0.3225476925465286,0.8671343973075528,0.3225919150626047,0.7571444255227208,0.7131597804195792,0.36864295237518174
2,a-bam-s,smirnoff,aliphatic_ammoniums,-1.1863300738259568,-1.1441726756200374,-5.099978353675425,11.244437459157211,-0.14708389416296086,-1.2970884443969908,-0.5195211905629549,-4.222922974565336,0.34656470466112116,0.08306317529833791,0.10196211199308021,0.43073810125007034,0.18898870187826955,0.49660625632047906,0.634765901243738,0.1575830205100116
3,a-bam-s,bgbg_tip3p,aliphatic_ammoniums,-1.346365618534037,-0.17063626024560818,-1.46165967528826,1.9858674747645892,0.4309661647179901,0.4614852627853452,-0.5872978271690954,-2.0050907581407955,0.7190676397314725,0.2995809835967234,0.7342573534887235,2.4501161183083373,0.27110113167207434,0.9089128157394795,1.0880994398941852,0.6403418531567323
4,a-but-p,smirnoff,aliphatic_carboxylates,-1.8585117872680712,-0.5168840012704088,-2.280305041710349,5.10339195570387,0.026721596955390226,1.051736787231107,-2.579284168925369,-2.663888915268217,0.24254653756580358,0.07611699789817074,0.342376860788212,0.8131693138771092,0.10179321808218227,0.3227561854266377,0.4577228777833099,0.28397105947556084
5,a-but-p,bgbg_tip3p,aliphatic_carboxylates,-0.07008784439676674,-0.5077483582436884,-1.6005853446228713,4.87112633408492,0.02029853057627662,0.5638693359276203,-0.9755551797934459,-2.4414931623182383,0.6862480720335457,0.21985687961989125,0.626123643743434,1.5836093328754772,0.36595267788868135,0.9224178238927598,1.1323281919553994,0.5188082961816409
6,a-but-s,smirnoff,aliphatic_carboxylates,-0.6723053612731746,-0.2943290392167661,-0.16541577359083703,2.3713648727717214,0.235359879265566,1.491535371281202,-2.5188681066574645,-1.791952565120937,0.6368582151443992,0.2113483864743497,0.19914954231737922,1.1884089689889097,0.27471634121112043,0.576654715725383,0.7781276325490479,0.231676265789308
7,a-but-s,bgbg_tip3p,aliphatic_carboxylates,-1.5387077652740118,-0.48977711648254285,-1.794638299621056,5.097899372264919,0.3224166866040328,1.0931614277219524,-3.6365981692542846,-2.131171666483624,0.29145893042986204,0.019711071644670192,0.0912524486489983,0.2232833554641256,0.03737041603826051,0.14545288805440718,0.39988768075370146,0.17767685203512398
8,a-cbu-p,smirnoff,cyclic_alcohols,-2.1143865582816943,-0.34598392668238986,-1.7070131362837344,4.489847439116602,0.1491514497981612,2.03628103505298,-3.085118617895205,-3.6515508013885665,0.22237824453101523,0.10009442433572183,0.3603059168687021,0.8883935004811859,0.13316060882545946,0.34970139411519474,0.4159454391819155,0.1933424843703154
9,a-cbu-p,bgbg_tip3p,cyclic_alcohols,-0.2841869177900662,-0.481816031155212,-1.5958747167012888,4.573383510732924,-0.11283167379427184,0.3537695959097391,-0.4936809293430997,-2.5271366734359617,0.31258251744244064,0.13519305722798844,0.45672789309777717,1.0544377071083346,0.2776957851510268,0.6545525149700986,0.7615420739482527,0.3519871019679391
10,a-chp-p,smirnoff,cyclic_alcohols,-1.3760741227706603,-0.16606017064291123,-1.0267341290962548,1.5020575040666415,0.21106967433457413,0.06016146789602317,-0.1388971284213767,-1.8176713409229706,0.3275028897187701,0.09930009494369843,0.23050788161564215,0.753253823658738,0.08884071501938202,0.34591660086189213,0.5633817153783598,0.181416633518941
11,a-chp-p,bgbg_tip3p,cyclic_alcohols,-1.436511523952504,-0.3352587730150631,-1.0980587307518306,2.3948381938117222,0.17697592440460141,0.370611823791819,-1.030699335369718,-1.914920626816638,0.3632171658322003,0.03072067499718221,0.23057613776089472,0.39851507471405423,0.1325225092390223,0.6042473331860789,0.8129418964085416,0.19555465076931933
12,a-cbu-s,smirnoff,cyclic_alcohols,-2.054398137235694,-0.49752112856564423,-1.785469521484984,5.055317761379456,-0.04227554225769836,2.128373374164994,-4.05586535817929,-2.856957722255629,0.31978733126621306,0.07719744128306857,0.19362377251568116,0.5468068394210532,0.11021814119089395,0.2839023690257887,0.3527115233952514,0.15068066245589207
13,a-cbu-s,bgbg_tip3p,cyclic_alcohols,-0.9794493343470094,-0.03204707670345641,-0.8835245657024018,1.8381510109580574,0.6154102028246697,2.7696283260319206,-3.375940515765251,-1.9111267159814815,0.7299590520242691,0.1982394315397815,0.33348334381108347,1.4649905626510844,0.3056268728497428,0.6734952054089715,0.6028422361424103,0.3174699766711491
14,a-chp-s,smirnoff,cyclic_alcohols,-3.6232554538619297,-0.5597752565673169,-1.3281144579181472,4.558538025770417,-0.03926569278163328,2.367252678648242,-4.758675019947987,-3.8632157310617004,0.39373214094525755,0.08622589203553306,0.09867442917890697,0.4527435823848942,0.14047948798444926,0.4402126646896121,0.5803143614218543,0.13929176725247092
15,a-chp-s,bgbg_tip3p,cyclic_alcohols,-2.367908288444596,-0.5121638700840805,-1.5078318674809168,4.765147745316199,0.20406341905507475,1.9108780982998042,-2.7733239920271444,-4.454677821514906,0.29134834608224125,0.04041255852971419,0.12599931000947717,0.22370145310900394,0.184682572011624,0.6597871857863812,0.5783160620129363,0.24990557150879006
16,a-cpe-p,smirnoff,cyclic_alcohols,-1.296868823483237,-0.1592672747552335,-0.9144135423349837,1.7188755560140692,0.1373001081590317,0.465704755294837,-0.8891314545144269,-1.6559369713445449,0.3496707783057403,0.1278850259629511,0.23856503112449678,0.735118584082102,0.20262861901036106,0.4048211437161812,0.5956926184367176,0.2573228490787072
17,a-cpe-p,bgbg_tip3p,cyclic_alcohols,-0.6787681700625399,-0.3357413298181271,-1.4422501329779323,3.563467417329491,0.06399155774992593,-0.5597631970322254,0.955745295923407,-2.9242177812529917,0.6024010435030099,0.07903583940052213,0.10933234325152108,0.5193353895346933,0.13686051123666879,1.200601088912922,1.621670643766934,0.5843720075667787
18,a-coc-p,smirnoff,cyclic_alcohols,-1.4586269881729095,-0.21614645826603152,-0.8762960115534213,1.695193081104776,-0.009028069496665125,-0.1113855275568767,-0.19749972254794557,-1.7434642798284585,0.41304221636299565,0.06590536341768607,0.18016250069156342,0.44411139507697994,0.14359102352202807,0.6176483132196042,0.9810438914878564,0.15514466135575342
19,a-coc-p,bgbg_tip3p,cyclic_alcohols,-0.7968966718945012,-0.20464624949475763,-1.0063680183008188,2.251829779975793,0.5283139586958825,1.0350924736907245,-1.139008326077601,-2.262110290387227,0.314687571071198,0.06418379346806684,0.1872637712133883,0.374091543729161,0.0979747413250277,0.2517679710221721,0.4250483038445715,0.22913882432294638
20,a-coc-s,smirnoff,cyclic_alcohols,-3.8712976588794845,-0.4222600897881854,-1.3487919309860388,3.9842210873460715,0.16311965864056077,2.683485284282824,-5.245415870394936,-3.6856557979835998,0.4567897894419003,0.07378779469180718,0.18698435075040645,0.42071977311585745,0.11468353740687148,0.27589447552647167,0.5217118049768931,0.20924632607680055
21,a-coc-s,bgbg_tip3p,cyclic_alcohols,-2.9951061743704486,-0.45433382041489523,-1.6297702770925184,4.731612376298472,0.4230654666436706,2.665021829792181,-3.9669047509851225,-4.763796998659927,0.3230534348924134,0.014851065709222273,0.060714855091565684,0.17290023065114002,0.014456496848371487,0.1717594798087148,0.4541533247671941,0.19331022878134524
22,a-cpe-s,smirnoff,cyclic_alcohols,-1.9547325360508694,-0.4905668896958879,-1.6384584536926639,4.924882944203944,-0.006645978377619599,2.2974455927001145,-3.623990194664657,-3.4173995565442965,0.3107727654024007,0.07927390191555402,0.11968421652650321,0.4870489105550471,0.12098370794487293,0.3191954719758187,0.40416549409005453,0.16031766670157663
23,a-cpe-s,bgbg_tip3p,cyclic_alcohols,-1.5487828262412222,-0.45614729226249295,-1.791596670742635,5.098276706304745,0.33260086115392085,2.3807957342700092,-3.109957103690249,-4.002755061260359,0.29709944934512317,0.014120986218454281,0.06498657091696264,0.1679584947922141,0.009009009199020923,0.10089864967451609,0.4658001265248341,0.19517657421058332
24,a-hep-p,smirnoff,aliphatic_carboxylates,-4.705706349785032,-1.3107663686131943,-5.2397346224854715,12.542788475303837,0.06519680788250781,3.237780008622849,-8.05550320439579,-5.945467446092607,0.41478996364063836,0.12063270672052283,0.2196812522222066,0.7652507547822087,0.1751061665835632,0.42148885854933354,0.5795965808703168,0.3009906391428918
25,a-hep-p,bgbg_tip3p,aliphatic_carboxylates,-3.6343848017495475,-1.2199636256964723,-4.874153976053819,11.07157234900842,0.48651139630152684,2.8192378808246303,-5.67637221215773,-6.241216613980214,0.3024688705506303,0.08380971631828746,0.37256485233253595,0.8726724438174882,0.1540952468551322,0.5739313093012377,0.7581555573017921,0.3997740972287755
26,a-ham-s,smirnoff,aliphatic_ammoniums,-4.698452737760817,-1.226783677275911,-5.769439580808395,11.387681020174426,-0.003572506302113254,0.29265095013477094,-3.26659590559575,-6.112393038076789,0.342629120655838,0.08354372965526935,0.08544152168110901,0.4276666691262868,0.13037722763304221,0.26644931183341725,0.41230383680358057,0.15101789965390225
27,a-ham-s,bgbg_tip3p,aliphatic_ammoniums,-2.1329083577329584,-1.2458851327560936,-5.13495169227302,10.919997836624248,0.37259103393756376,-0.09711380271915004,-1.9425599890309968,-5.004986611483673,0.4151572308982305,0.04627954154200103,0.15731169407033643,0.2059834811573942,0.21327130136399722,0.4881383462922548,0.522329669307343,0.17393488893645045
28,a-ham-p,smirnoff,aliphatic_ammoniums,-3.709642816345877,-1.1430687244226547,-5.358652571434263,11.155050396374037,0.2961748856180577,1.2511571487355013,-4.858457532365719,-5.051846418837158,0.290837980587418,0.033462971355012694,0.0694844721180738,0.18107611447118593,0.06620655986993708,0.37639035096990514,0.5417021534703073,0.16387264391360606
29,a-ham-p,bgbg_tip3p,aliphatic_ammoniums,-2.5098618638330663,-1.3088033844686038,-5.543738448461241,11.17292723911686,0.38888223927092724,-0.3241235744463893,-1.083854324202548,-5.811151610654633,0.40272956523457376,0.02275386457206303,0.09033762551773404,0.22232091381361313,0.1478917504815446,0.5716395940030252,0.46990791212041794,0.2636755154258044
30,a-hep-s,smirnoff,aliphatic_carboxylates,-4.721726721585583,-1.0472452403834538,-4.430800594874199,10.902924598702867,0.05987339075947773,1.506969876388439,-7.09716031379503,-4.6162884383793426,0.4022226780095467,0.08454351066201878,0.07879296506729273,0.4786179779629964,0.115702411695552,0.269300577330469,0.45586233895482814,0.14077325365004784
31,a-hep-s,bgbg_tip3p,aliphatic_carboxylates,-4.134533342607028,-1.1904409596466081,-4.357845041433293,11.031128374689644,0.0719058445789642,0.3808659686505962,-5.679803514980449,-4.3903440144822525,0.42053787811694066,0.09895923004444894,0.14066019352292633,0.3679235376520127,0.29750853910266856,0.7444930098056289,0.8948179616944574,0.21649226341506103
32,a-hp6-p,smirnoff,aliphatic_carboxylates,-5.085512541038042,-1.1531906936550236,-4.957345813140819,11.077564224358326,0.1655493899307956,3.3541421355108696,-7.757250633123476,-5.814981150931544,0.4037891586623941,0.12701803588504348,0.5479794396521951,1.2108594825311836,0.1231269107900293,0.45237098576242907,0.7638866654335752,0.5752772708322287
33,a-hp6-p,bgbg_tip3p,aliphatic_carboxylates,-3.972428780525661,-1.3493330195761999,-5.560125461361864,12.296710163691131,0.5705863779963103,3.5266300331637694,-6.095242185987445,-7.361654688465023,0.22965189715856157,0.03403942747893401,0.12029658412039448,0.19347714157215176,0.16382582840546617,0.47754227673994215,0.6798078819439144,0.1527613640876058
34,a-hex-p,smirnoff,aliphatic_carboxylates,-5.361756259204412,-1.2992381366233694,-5.431071178955079,12.183485492758138,0.20079300255388688,4.22066739233594,-9.060586253799556,-6.175806577483854,0.4507169321703098,0.057236760284970455,0.1452330720458395,0.3967480705086649,0.07613404723602749,0.6328482735370802,0.9573012041430301,0.20252294783747446
35,a-hex-p,bgbg_tip3p,aliphatic_carboxylates,-2.9243868667945208,-0.8619733221087671,-3.796781563690544,8.355014652882062,0.6183541467335836,2.618945983213507,-4.844351196763455,-5.013595567047105,0.4532286928745016,0.3160901897216281,1.2389300928111895,2.908116849535894,0.15749941136358145,1.0953549027000185,1.8442407399798446,1.2068944294105186
36,a-hex-s,smirnoff,aliphatic_carboxylates,-3.982542278150504,-0.8483178051493425,-3.868912482941937,9.214855431700641,0.09722349072779934,2.0002423065267294,-6.5830141166443354,-3.9946191023732354,0.2842909797279101,0.0334567691086484,0.1364769530610062,0.2907147915592446,0.08431910243490505,0.2665531261308337,0.38496965698084823,0.1658554404782271
37,a-hex-s,bgbg_tip3p,aliphatic_carboxylates,-2.9738515179305978,-0.9702595222866961,-3.721891705529501,9.289078214814452,0.12710533751117836,0.7132410498596755,-4.283928555199964,-4.127196337121404,0.35304941459704814,0.04030638293916445,0.17679128574136896,0.26515946782083416,0.21681990390532738,0.652860514396456,0.5320021829157261,0.19693543582278064
38,a-hp6-s,smirnoff,aliphatic_carboxylates,-4.746586322482472,-0.958820958742951,-4.149121893370548,10.039478028160914,0.1797043101296012,1.9179295465939958,-7.108712458266382,-4.6670428969960085,0.38592142892214404,0.059029638740274365,0.06778871927092345,0.3585035613057224,0.102489889822615,0.24408615049191304,0.48702408186163426,0.14320649347393943
39,a-hp6-s,bgbg_tip3p,aliphatic_carboxylates,-3.5357567202372593,-0.9878577438554501,-4.499863405656399,10.73381888535718,0.5665070761171265,1.9569768493208812,-6.3181173978991865,-4.987220983632142,0.30369600801518193,0.01793439525816492,0.08173613309852085,0.20327631129381873,0.014478786160588878,0.1252542543995002,0.3610539267798343,0.20601349922047113
40,a-hx2-p,smirnoff,aliphatic_carboxylates,-4.99460091500805,-1.1896145583662374,-4.776845610987635,11.42130868927913,-0.05237897852538964,2.2695878443273614,-6.908517535048304,-5.758140765671669,0.23845204190445685,0.04870278454362911,0.14001122577563696,0.37851901201898414,0.06800032237616663,0.27199495416468616,0.4579026180980989,0.19359390534300425
41,a-hx2-p,bgbg_tip3p,aliphatic_carboxylates,-2.8509999274174334,-1.0756957985032827,-4.574300514222685,10.768459459623273,0.5843143100666524,2.570932777453436,-5.45299647360298,-5.6717136882184604,0.26463989856187187,0.022214135916598488,0.09948106709302212,0.25243290005245017,0.03309749132350193,0.17816802617982702,0.3804860406897873,0.24821465627663256
42,a-hpa-s,smirnoff,aliphatic_ammoniums,-5.340699696760566,-1.3201256823220326,-5.967189203626731,12.197173577319802,0.2157202848965767,2.821212248414213,-7.19132469039323,-6.096166231066945,0.6648701966505678,0.11781597733666943,0.0980077623752232,0.5381200767252985,0.23781069467130134,2.1109049109810964,2.729918917912553,0.1427703768060944
43,a-hpa-s,bgbg_tip3p,aliphatic_ammoniums,-2.1773637037258595,-1.4514117652092295,-4.930144372039024,11.870187198863391,0.07727122013664811,-0.4049388418984563,-1.9491179090146034,-5.3892092345786295,0.4874294609927863,0.10117312494758073,0.054915692431488666,0.5724585557031449,0.20786877411377028,0.5806703849502053,1.0116924861673462,0.22172664882571877
44,a-hpa-p,smirnoff,aliphatic_ammoniums,-4.264992071355664,-1.1247947932200368,-5.469738644146645,11.47427099519092,0.49711504321312816,1.8964139659844932,-5.868459429755603,-5.669799208621498,0.2541589197613271,0.04656805873673503,0.0865462297731376,0.2060210519496335,0.09216764039970891,0.4141920710088934,0.6498947320487666,0.12942988048009824
45,a-hpa-p,bgbg_tip3p,aliphatic_ammoniums,-3.088228830754815,-1.3127733167019429,-5.777509269940381,11.893395808271151,0.6824453653115832,1.505022139936159,-3.5424596785414906,-6.536349879115278,0.2335916791678709,0.015172474126567912,0.06449880077209592,0.17134448435974792,0.035760787603438794,0.1626472663549747,0.3191469864109149,0.15554243001479787
46,a-hx2-s,smirnoff,aliphatic_carboxylates,-3.2917068093483977,-0.8556421058461545,-3.820701130739238,9.26627170522184,0.04060121930680083,1.717538487589195,-5.749160468880291,-3.8906145160267442,0.24398675692421934,0.03966892482965179,0.16104335817598553,0.2827267640067697,0.0997936711811447,0.2904893284860409,0.404347978587759,0.13588491167795502
47,a-hx2-s,bgbg_tip3p,aliphatic_carboxylates,-2.1290248289988085,-0.9030783377760301,-3.460502340693637,8.828003271012022,0.2549200955104567,1.6963553129804723,-4.560451015284343,-3.98427181476427,0.414081406411835,0.07212752713570615,0.25379621096992167,0.5455107737134189,0.18703506577859436,0.6032967960601897,0.8217455445247229,0.3195825191424426
48,a-mba-p,smirnoff,aliphatic_ammoniums,-0.01972318850312149,-0.7933756639457066,-3.2339006419361027,7.696341436597436,-0.08843576851808876,-0.6436034329506128,-0.3054902159492485,-2.6512589017870596,0.46584205964790215,0.159616311198014,0.5050247454981109,1.2506391724528267,0.1914251588912102,0.2529448058356518,0.4869717590215014,0.26553818040307886
49,a-mba-p,bgbg_tip3p,aliphatic_ammoniums,-0.05715031982254004,-0.6707831365981463,-2.943012179534648,6.277325983026344,0.15090572378951705,-0.9222159498825704,0.6515584609260259,-2.60092922153126,0.40275076878965116,0.09223883282447073,0.3926560785008076,0.8413329316107981,0.08986348360506644,0.5448346261067912,0.8783476883878851,0.31908576892644347
50,a-hx3-s,smirnoff,aliphatic_carboxylates,-2.166473369099549,-0.7830117741684433,-1.9546413804143583,6.759325514931447,-0.2182994714498463,0.8375819973340413,-3.7545320042045205,-3.052896251121183,0.605987367524371,0.23811148684099828,0.5923739229564562,1.6984289382112214,0.2882558267166513,0.5877914408076564,0.5366551895516208,0.2509432370803746
51,a-hx3-s,bgbg_tip3p,aliphatic_carboxylates,-3.018583978417155,-0.9048805480230016,-2.9827148913981603,8.050023738796256,-0.21751875399401044,-0.5431616189946453,-3.6677203622020897,-2.7526115426376236,0.36521060511215386,0.025797413608269017,0.12341639005406671,0.247381939835111,0.10960818464524841,0.5018937839295473,0.8856329154411849,0.24464315036805537
52,a-hx3-p,smirnoff,aliphatic_carboxylates,-3.1134746381576406,-0.9688829674601358,-4.08666266816995,9.16598902608888,0.2878057254740938,3.329456065999125,-6.176297008398251,-4.6648828116881305,0.3074340111108973,0.10300026522778383,0.4635614273466675,1.031485125315224,0.09964974247042314,0.5153098990780934,0.8629944207661404,0.3666301369578189
53,a-hx3-p,bgbg_tip3p,aliphatic_carboxylates,-1.8583731059152342,-0.718968894222769,-3.159962826731004,7.261735375144724,0.42851942274149835,2.2150311897136135,-4.129381235034089,-3.7553461375500774,0.2439413822451449,0.1512738546750929,0.615243592279165,1.5908331536385465,0.07342842622967177,0.53475338335805,0.936081439507061,0.5004893235902176
54,a-mba-s,smirnoff,aliphatic_ammoniums,-0.991291277037817,-0.7922615106935211,-2.650501972046243,6.783361543078286,-0.04814637866224558,0.1784816541348846,-1.6505109507961606,-2.811713662046259,0.42350840640150567,0.1717536906622727,0.598810716074259,1.532049146014639,0.21983985928412833,0.6048371549817847,0.8935843978542641,0.5020958784037547
55,a-mba-s,bgbg_tip3p,aliphatic_ammoniums,-0.3497972174118331,-0.651650474281638,-1.719233552730202,4.660598373758603,-0.3198593589848535,-1.7158672254964813,2.1599720567865006,-2.763757036471361,0.40170162710658547,0.20027911209791835,0.6892902065785608,1.894880707982377,0.12432612472472186,0.4000728734618015,0.8852794712036242,0.5578532259788518
56,a-mhp-p,smirnoff,aliphatic_ammoniums,-4.982939552442986,-1.308497358926104,-5.83269474002924,12.346373095685976,0.09083528693648191,1.60434150252388,-5.84188578816611,-6.041411550475914,0.3927301476740041,0.1083987491470764,0.09522026781552047,0.4654707528800394,0.21135443910295076,0.5345019620123662,0.7192502265696663,0.16417403657814608
57,a-mhp-p,bgbg_tip3p,aliphatic_ammoniums,-3.8713598826034286,-1.4504842012199504,-5.243165821376891,11.181037206511803,-0.06942768982595027,-0.14046051938544224,-1.8751338944130111,-6.273724962899905,0.3049844926643653,0.02051341013186431,0.05038337540359486,0.08143705550121255,0.05769064005926279,0.21588594157975804,0.38909429147704466,0.14248834848438946
58,a-mha-p,smirnoff,aliphatic_ammoniums,-4.289636373727262,-1.0306899379564065,-5.4948405492842625,11.150466399717459,0.28042427094810307,1.5520795240362304,-5.538923203563172,-5.208152877615248,0.2567258417826507,0.024295221673126286,0.05536410620496902,0.12129480764732177,0.060090265093567345,0.1686627074844119,0.39009361853829766,0.13991422656914188
59,a-mha-p,bgbg_tip3p,aliphatic_ammoniums,-2.3648415104580636,-1.234960158358561,-5.329912140583204,11.221755262336387,0.33071510439801344,0.7640747683542486,-2.5311629196439753,-5.585351426955185,0.34839733441622284,0.03557228543976825,0.15338083341671457,0.3242160763852006,0.16489673959527842,0.576521722180653,0.4366933586138262,0.2963056097765939
60,a-mha-s,smirnoff,aliphatic_ammoniums,-3.2154679073864827,-1.0114664790889236,-4.656151262013992,10.227512478837838,0.4271401335229328,2.377062458841465,-5.524469261890772,-5.0550959756096745,0.5458728021234537,0.12677604553685598,0.5306342430977302,1.0835443837952274,0.11374274330612091,0.40725008713849253,0.829815881706695,0.3904717889930674
61,a-mha-s,bgbg_tip3p,aliphatic_ammoniums,-1.9739586587675149,-1.2000731066880164,-5.003211243458807,10.975282773641425,0.6900235027594377,1.3320624298756911,-3.2171836412853736,-5.5508593735949034,0.30926217561170033,0.02488723775121958,0.09016606130816462,0.1810016380496019,0.11291999283323557,0.43126376875649797,0.5138256514401022,0.16290502685639574
62,a-mhp-s,smirnoff,aliphatic_ammoniums,-4.867621142315329,-1.1247501993390294,-5.205067674012113,11.316078877309934,0.2923124305236158,1.0132398523903703,-5.354738445752446,-5.80469598344871,0.2614896819062524,0.03531109556737608,0.0591499460204856,0.13944682967750832,0.08492056934806351,0.29862802885812223,0.477689130498468,0.1884829670949354
63,a-mhp-s,bgbg_tip3p,aliphatic_ammoniums,-3.0957515102782054,-1.2531337685395272,-5.38608894225213,11.693855203175389,0.7509181103112894,1.4506436826994786,-4.033065981078835,-6.318879814585216,0.2678847330956557,0.016660445079353683,0.05181542663642733,0.14296679825798037,0.06514639819343827,0.13578861824105298,0.3418075348460434,0.15827100793572688
64,a-nmh-p,smirnoff,aliphatic_ammoniums,-3.730981244607392,-1.095208115825237,-5.2122736773869605,10.950497232272284,0.3863076261166114,1.1155990938382274,-4.27618883669129,-5.599714566937564,0.26164438117392813,0.038608826377572715,0.06935393362209152,0.1653610566794979,0.11800176531953999,0.2013744840667257,0.5421112744522653,0.16266741106467056
65,a-nmh-p,bgbg_tip3p,aliphatic_ammoniums,-2.9476563681309926,-1.3243717215467754,-5.910896502362348,11.796553999763233,0.6371800591187551,0.7735679413042362,-2.0430104082515754,-6.87667973614316,0.2583714791227462,0.014553774224650269,0.06912404106188956,0.18480981584418765,0.02235872908417395,0.1325457424533675,0.33229871848142173,0.2203529297099282
66,a-nmb-p,smirnoff,aliphatic_ammoniums,-0.9476181870086293,-0.8033667779339311,-3.5428526670064855,8.180027425569563,0.14420269564686095,1.6326115721535643,-2.7791504837441607,-3.7790899517190155,0.2956811823607238,0.06194729981066135,0.1867793769010899,0.38116036672778414,0.15722429742477706,0.4092870568309702,0.6634857980655264,0.1899208730072057
67,a-nmb-p,bgbg_tip3p,aliphatic_ammoniums,-0.42249674024787964,-0.8627580451666859,-4.009871319205459,8.296001164018563,0.358890430802262,-0.3318373868094113,0.20801366140585742,-4.0809352453115935,0.30023130044601837,0.1735831711427819,0.6953071067850213,1.4837913481355542,0.06624717186646728,0.5507534326480483,0.5191589175794581,0.5351482558240406
68,a-nmb-s,smirnoff,aliphatic_ammoniums,-1.6758982458341052,-0.13232191268908622,-0.05663420406099817,0.7430795795683309,-0.09779000643881375,-1.7429808665091286,1.9560472857192508,-2.3452981214186366,0.2654278130270389,0.06576219685600593,0.2746429412540977,0.3521084880967021,0.13299428816670394,0.4989950497565317,0.7632702601044861,0.20020373512612472
69,a-nmb-s,bgbg_tip3p,aliphatic_ammoniums,0.27480569388353615,-0.8450552631831627,-3.7993437385549242,8.733955773134511,0.5467798790819138,0.8274712277111576,-0.9328057439306576,-4.256196440395797,0.2691142407268712,0.0389420725849491,0.1612735323988013,0.3569754305395337,0.014899405216658338,0.13003509872667307,0.3440237867605063,0.20273590341050604
70,a-nmh-s,smirnoff,aliphatic_ammoniums,-5.651439758967172,-1.2854260658455345,-6.142278572511472,11.54561229022002,0.1377605802395152,1.0756754540840348,-4.1962494785948365,-6.786533966568186,0.3300762563554555,0.04334965818358697,0.10054990543492584,0.18611228041175493,0.0983307138846907,0.3244983184682406,0.5515189915241874,0.17283638174920052
71,a-nmh-s,bgbg_tip3p,aliphatic_ammoniums,-1.9125373845381546,-1.2194395943516554,-5.257977106991703,11.177033835562042,0.7115184767081004,0.588343680218145,-2.276432639668201,-5.635584036007913,0.2568192486491642,0.024319613222756505,0.06405554324424932,0.1798813426199108,0.09316141547358463,0.28531236050501363,0.4300810065649815,0.22926771819505146
72,a-oct-p,smirnoff,aliphatic_carboxylates,-5.710874627518933,-1.2628784576613477,-5.560015818187509,12.645000127471803,0.2915560327968336,3.967441396642357,-9.274593577163614,-6.517384331437825,0.3239742307375856,0.08115408658880957,0.10269231123542062,0.3270985914780979,0.1540898607035802,0.3741023886853814,0.5726401712134752,0.2108107746955906
73,a-oct-p,bgbg_tip3p,aliphatic_carboxylates,-3.8266576042187808,-1.3072025107285938,-5.47791760763252,12.272822448486465,0.7377608908252071,3.6112894214240896,-6.837111708435259,-6.826298538134779,0.3941676252412698,0.022167426653027428,0.06707955993155766,0.2024822569660468,0.09978812339259571,0.3660217386824975,0.4461941012480109,0.31533517435614206
74,a-oam-p,smirnoff,aliphatic_ammoniums,-4.797924487378623,-1.0822387716373072,-5.490473492418374,11.300012703461078,0.643000775082541,1.9299087977781255,-6.375865666504978,-5.722268833157159,0.28705905147033955,0.01933448118603221,0.06863188326615197,0.13591646342144367,0.026232077377268338,0.1929931409024589,0.541403641595499,0.16970317224721626
75,a-oam-p,bgbg_tip3p,aliphatic_ammoniums,-4.203041855205811,-1.3424366754010393,-5.487196105381244,11.312755375115842,0.7046228313355734,2.2682190753344003,-5.323992818444822,-6.3350135377527295,0.44227326176898785,0.02699639265707076,0.2205424409939987,0.41662458909643546,0.0677322312368803,0.835346309935172,1.1040746520575924,0.20585607807438286
76,a-oam-s,smirnoff,aliphatic_ammoniums,-5.512613318529475,-1.334950896096224,-5.955264605113513,12.18457240396151,0.23884011207212552,1.8439604066245465,-6.247279554383567,-6.242491185591916,0.41633113287614887,0.13245782519304014,0.05757613660307769,0.695489208021628,0.22095137433639664,0.6121566846448073,0.7365826042904036,0.13995886197183696
77,a-oam-s,bgbg_tip3p,aliphatic_ammoniums,-3.078097713103489,-1.2021504187395848,-5.300290193085985,11.308991122180629,0.8368854325655839,1.3917452668581518,-4.091107940323127,-6.022170982568241,0.2934519209439814,0.013148145753773014,0.05398203859472564,0.1398728001146144,0.019657549757126063,0.17993328754015273,0.3442351085727444,0.16658847185927558
78,a-oct-s,smirnoff,aliphatic_carboxylates,-6.1651265648288245,-0.9645633798964468,-4.491977692674894,10.697109100305994,0.2164377928931671,1.7697962379927503,-8.498758443820407,-4.893170179629124,0.23431309257895885,0.03761068459312897,0.06862406689613886,0.1968520787410426,0.1051186976505693,0.20505207067723744,0.32314603084689386,0.1813664957240887
79,a-oct-s,bgbg_tip3p,aliphatic_carboxylates,-4.738835354768526,-1.123932770252651,-4.764077020194151,11.153059256873377,0.504634147080921,1.5806199326207206,-6.809314215104678,-5.279824685773747,0.30403172612565177,0.03571264060167795,0.13076035865277008,0.2612928459811509,0.15204565635888215,0.4978430028166825,0.5567874569972046,0.28939534051273036
80,a-pnt-p,smirnoff,aliphatic_carboxylates,-2.8699387195083546,-0.8562439368245336,-4.2019709830572936,9.10140321942933,0.29461042781637303,2.5826726142607868,-5.045828809918021,-4.744581251204181,0.2574341583304492,0.11914276902201386,0.5751168437255956,1.3575873339821594,0.051412713759315186,0.41758151688310163,0.7592998164054778,0.5184334142691014
81,a-pnt-p,bgbg_tip3p,aliphatic_carboxylates,-1.1559814946594997,-1.47157174085239,-4.745802583451521,12.384992641454403,-0.2196162780163462,1.2439281710599062,-3.0779892520440626,-5.269922452791889,0.6107013987277485,0.1417741585730516,0.20214983577391307,0.782311853684303,0.29773933897383714,0.7134728817765364,0.9643169554169151,0.3166405265873256
82,a-pam-p,smirnoff,aliphatic_ammoniums,-1.625951293928665,-1.267899323196204,-4.909834242957643,11.295392558550816,-0.010801972996638654,0.9930640618086954,-3.1089507722826966,-4.616921602848379,0.6148160979304624,0.12108957268598729,0.141352639478687,0.5764664072821433,0.231672059005177,0.4683850390932626,0.9722047596571178,0.16044145119721015
83,a-pam-p,bgbg_tip3p,aliphatic_ammoniums,-0.9923027044314949,-1.2791221822165255,-4.804305146472558,10.477486154243351,-0.030517366564353665,-1.651033306092927,0.7094958079396747,-4.414306665277763,0.46063920136528275,0.13081511216248945,0.44643346770949827,1.0423843702903406,0.1940231537349943,0.32985905932064596,0.4298585695504967,0.34974446192447345
84,a-pam-s,smirnoff,aliphatic_ammoniums,-3.4633796791094937,-1.0869022188973467,-5.658297771642751,10.883411022023722,0.22610294845897272,0.05841020489162929,-2.8934902092951233,-4.992613654606885,0.26308726254752834,0.06745822127237595,0.0579699349319467,0.20196645790342682,0.1469375736532081,0.2668685740839718,0.38380472419075884,0.14923573956515565
85,a-pam-s,bgbg_tip3p,aliphatic_ammoniums,-0.7075873380017583,-1.0821776985209866,-4.7163140862242585,10.20561967762579,0.5123573238145909,-0.08556704070633714,-0.9884722550559673,-4.553033258976029,0.3037600630809804,0.03067380869552875,0.12442933287282314,0.26074009234216156,0.10090396484540055,0.291685507931704,0.46588475469542895,0.25302194601820827
86,a-pnt-s,smirnoff,aliphatic_carboxylates,-1.6590860606265778,-0.8976245686279967,-2.1306737340847803,7.664575226325553,-0.3217401686005985,1.129361289209669,-3.9902167498876224,-3.112767354945845,0.4534957595004731,0.13861285454362451,0.16486524398101238,0.7503971904570633,0.17924214394067878,0.3206457344149002,0.3489388610079405,0.1422636093313827
87,a-pnt-s,bgbg_tip3p,aliphatic_carboxylates,-1.791168563413521,-0.8065552969845129,-3.138247579936504,8.348262201021157,0.19209863605051325,1.0795880253522228,-4.091778275767865,-3.37453627313198,0.36297557082262966,0.03400504191609901,0.15711589550424204,0.33605544150460465,0.12023414854206725,0.37526206448949523,0.6026938037121294,0.1949422680575953
88,b-ben-s,smirnoff,aliphatic_carboxylates,-0.8915735651899013,-0.5793878673099471,-2.10037287993579,6.214504654270627,0.17671267198496565,2.709481909053011,-4.104909945464897,-3.2076021077846235,0.6220621352705663,0.10916391623844746,0.49739972277380806,1.2473469067207559,0.34814305457919936,0.9504862969178864,1.2984434226037245,0.2027427145058564
89,b-ben-s,bgbg_tip3p,aliphatic_carboxylates,-0.9083019549107121,-0.5984592424766717,-1.8066933296412202,5.360423984552227,-0.15104829228296524,0.9600575667926705,-1.599207275910885,-3.07337536593559,1.0921245930673404,0.14469112618462404,0.6964767328302479,1.97223787621817,0.34253676890814944,1.1024836106876095,1.3563352573914524,0.3092601739746226
90,b-ben-p,smirnoff,aliphatic_carboxylates,0.6919218313560123,-0.5770132686769074,-2.643433132514346,6.352632138338606,0.5824651014514899,2.2613879999728397,-2.3676950316876173,-2.9164219755430167,0.7697103236806754,0.2130304438105802,1.0353546990824658,2.341502242086258,0.21335825454623386,0.9315869159827029,1.2185559977040186,0.3546412690596266
91,b-ben-p,bgbg_tip3p,aliphatic_carboxylates,-0.41284871008610935,-0.29343427393159516,-1.031458108165694,2.5377314781298423,0.12902661616774935,0.27469529695258643,0.38945514955412364,-2.4188648688218564,0.7121240737687986,0.1396715861841181,0.6742167430845712,1.534801877226637,0.11622068365725978,0.5186685009273937,0.7248968762663459,0.2784129363259091
92,b-cbu-p,smirnoff,cyclic_alcohols,-0.07037409388794913,-0.41887114745489384,-1.5522237163449546,4.320397405510988,0.13091472079614874,1.3965649873557595,-1.5786149373998342,-2.368541406364784,0.8844775109381294,0.15973366737010847,0.7943029992765213,1.7305159422772438,0.342911281318828,1.2631535534939136,1.3713909258779182,0.21399415257760263
93,b-cbu-p,bgbg_tip3p,cyclic_alcohols,0.13802011478765053,-0.17651532944009318,-0.5655861412295309,1.685319853126856,0.09644474199055253,0.30031615718678495,0.0874201801889285,-1.289379347027534,0.9015098719234093,0.1763505695663247,0.8649762416624508,2.040265839141287,0.1593400746318091,0.8135344362937007,1.032914163881297,0.18037635306807723
94,b-cbu-s,smirnoff,cyclic_alcohols,0.19549213999562198,-0.5210703598399817,-2.2165889333170554,5.133641637584191,-0.160854162632603,0.6333699752025268,-0.6886226555907342,-1.9843833614040705,1.365182203008745,0.18187730571768446,0.7989665330579072,1.9959290448018965,0.45898282001888385,1.193213508960226,1.2623831962090848,0.1814118131730384
95,b-cbu-s,bgbg_tip3p,cyclic_alcohols,-0.24823401727553573,-0.07487168145039647,-0.3663384644837464,0.7792330761135418,0.059264215332149206,0.46027876887251296,0.18882043863413855,-1.2946203703095307,0.4970817979540711,0.08381688503994869,0.38740158969610866,0.9823515717963013,0.05936950008288004,0.32603539987639363,0.5139205290922204,0.16913857932589602
96,b-chp-s,smirnoff,cyclic_alcohols,1.2079358205919561,-1.1844280224336998,-6.043137740822829,13.644358366652597,0.42684953637508016,5.459410846842957,-6.741813171476679,-4.353303994543239,0.31483855060472316,0.04545097775035418,0.20961751686285462,0.5164543159883899,0.16465849206254538,0.5442093313931973,0.8054100029734369,0.13438498269417842
97,b-chp-s,bgbg_tip3p,cyclic_alcohols,1.9102897752272838,-1.270834898769479,-5.9171200195053615,13.617656431001308,0.587400550612017,5.225935284670186,-5.9410680659420905,-4.39167950682895,0.6371381041977487,0.06257663221336915,0.27936016598302654,0.7045121311020546,0.19289864722078245,0.5187127994677274,0.5019621621486856,0.1418503425808928
98,b-chp-p,smirnoff,cyclic_alcohols,0.34162842372097657,-1.1740924177072714,-6.124823164618519,13.658888196974146,0.08546237028077996,4.980840985037048,-6.834098872492177,-4.250548673721369,0.7882703345470602,0.08959797129236453,0.5169518650775852,1.1970339478620944,0.3016891891280132,0.9527167463169851,1.1785424431963567,0.14573470893743004
99,b-chp-p,bgbg_tip3p,cyclic_alcohols,1.737437166430027,-1.1560742174623186,-5.478389992984603,12.186390168991721,0.45251686336953156,3.9896488716539125,-4.397206297206139,-3.859448229926329,0.9290763640374395,0.20668345724319612,1.0245759373840604,2.373100076539459,0.2554993364794007,1.1299275149503172,1.4641553144579567,0.32725195798255513
100,b-coc-s,smirnoff,cyclic_alcohols,1.2740714599094645,-1.0516703858941128,-5.577228836944144,13.531530201190975,1.2858447094664598,9.454696346526816,-12.064102945783816,-4.30499762865702,0.41913584556973976,0.14904361197415195,0.8682545343374612,1.646279676707976,0.35768749709255104,1.5382582583128233,1.7746725669625847,0.15023180114226153
101,b-coc-s,bgbg_tip3p,cyclic_alcohols,3.432862707893946,-1.5248628698142923,-7.30634127610395,17.408742559293245,0.8096636769602128,7.172929689064858,-8.113581964618788,-5.013687106891211,0.2994124407204,0.042066333193293955,0.27113436392340823,0.5670720145761973,0.06853979198968328,0.20231092338394138,0.5340895331540018,0.13947868039114442
102,b-coc-p,smirnoff,cyclic_alcohols,0.5929634542699205,-1.1128238310118945,-5.907774958478626,13.66708638656533,0.266685911402881,5.65363196470355,-7.3784241316061525,-4.59541788731849,0.6128505708586593,0.12717953210460212,0.7032439405861968,1.6343048061911647,0.20903538942436176,0.8604180756348294,1.1720373901592573,0.2748152335057812
103,b-coc-p,bgbg_tip3p,cyclic_alcohols,-0.9713400046057359,-0.13166028779105687,-0.058007100755745,0.7207667882658768,0.08313616481732566,-0.7395392586799971,1.2415668413377716,-2.0876031518232594,0.9557167567858124,0.11487369879259807,0.6813753814570023,1.5896682329184584,0.32543474891550267,1.216899137093005,1.4436643970291396,0.17298362187656643
104,b-cpe-s,smirnoff,cyclic_alcohols,2.3599895494626253,-0.9968619794983979,-4.587851464356419,10.878829762607808,0.7286338155603289,4.006906760105721,-4.308335570694908,-3.361331774247901,0.4789758871699695,0.15008625821864577,0.7398691887953466,1.4630660968507927,0.0938285595281128,0.3513936699672803,0.550533666881617,0.1312953948692512
105,b-cpe-s,bgbg_tip3p,cyclic_alcohols,3.488477798167878,-0.9740296460387867,-4.553092983012874,10.854276127578032,0.7759158942002244,3.7718860562474674,-3.277145080948685,-3.1093325698348053,0.8695063184064229,0.23799559087468428,1.116788436499743,2.5046217410651948,0.10645564983290516,0.7073011801394083,0.949405334792486,0.2564206423187289
106,b-cpe-p,smirnoff,cyclic_alcohols,1.4158784918035963,-1.0993330953945986,-5.244870245115891,11.571632669884139,0.19776954796895296,2.8442257712134733,-3.7691595063588466,-3.0843866503755635,0.4788512567356826,0.052237407083778234,0.2895175304204427,0.5811886155638263,0.22965406628133142,0.6190313524471112,0.7136044682675813,0.14522120799387495
107,b-cpe-p,bgbg_tip3p,cyclic_alcohols,3.9358920979975665,-1.1052407409889327,-5.249018795548352,12.177301368871326,0.8390218790692785,4.567250588318757,-4.003277428339061,-3.290144773382508,0.4865150377648694,0.1066956691915694,0.530429074686003,1.2163224946434392,0.1137533046015077,0.430305110650348,0.6198848768041171,0.17869773127037167
108,b-ham-s,smirnoff,aliphatic_ammoniums,1.7905870045105985,-0.9885154448800861,-4.448730192351022,10.287952980482743,0.5942053972911978,2.8136260863524285,-3.7886692013562424,-2.67928262102987,0.8209852175800576,0.09936255403546311,0.4983650468088763,1.2500564808795331,0.12523452731981538,0.4953700826068153,0.7236441162827045,0.1417296621089438
109,b-ham-s,bgbg_tip3p,aliphatic_ammoniums,3.0714625221698952,-0.8847327731265366,-3.6821741356930033,9.187431209995424,0.7481352229705394,1.75936418911715,-1.5319628046963771,-2.524598386404705,0.6040707560034505,0.14332571099826955,0.6654971064587109,1.5455259152942165,0.09307804153755934,0.40730801931071725,0.818846776884609,0.20592005596408774
110,b-ham-p,smirnoff,aliphatic_ammoniums,1.204814062883088,-0.5286537279543069,-2.4307644060005913,5.987434716324174,0.6262507168973244,3.3388811096793916,-3.6351214069327398,-2.1532129391052877,0.7366014177608304,0.13973252168854902,0.7248776628347064,1.5274354716442866,0.28568043491793027,1.3714766592192895,1.4969776091140774,0.2674627815718624
111,b-ham-p,bgbg_tip3p,aliphatic_ammoniums,-0.2232717545120977,-0.3916828078591763,-1.615110052264896,3.483962027630554,0.11598961176034805,1.9611756867076338,-1.7615492098884715,-2.0160570105663282,1.362758486765694,0.23672794237033995,1.1561510510338615,2.650791581912546,0.3847389044436512,1.682864722606261,1.6839785160922378,0.32312953635958325
112,b-hep-s,smirnoff,aliphatic_carboxylates,-0.09219760720952763,-1.1426871271332644,-4.670087641137457,11.22288725397749,0.6690089747067347,2.8940096349169835,-6.452099653521145,-2.613229049012716,0.41434967840958437,0.05704219603344332,0.24409024537735322,0.6506881134214084,0.12427627314165102,0.49144531186700285,0.5535021326288836,0.1770600655966077
113,b-hep-s,bgbg_tip3p,aliphatic_carboxylates,1.9292992694900022,-1.212446051688076,-5.054220578045104,12.684107263159092,0.9504180292973317,3.0728345718166565,-6.295702973748121,-2.215690991284191,0.3176835883148319,0.05054948642579468,0.26173686452142475,0.5794092401816715,0.027681644536598302,0.24390525715614442,0.5081674433771192,0.1510455551339926
114,b-hep-p,smirnoff,aliphatic_carboxylates,0.17957453757117037,-1.2061879543010008,-5.271116513174391,12.183790437533276,0.47618679531623087,3.7780394131088997,-6.678972108118614,-3.1021655327822373,0.7621978602649263,0.10332402563987268,0.4721451513387924,1.1113894623110754,0.2353605949255871,0.7826473919270599,0.9106907192769536,0.18572037670464356
115,b-hep-p,bgbg_tip3p,aliphatic_carboxylates,1.7410500019650499,-1.2248411746752694,-5.293224956213692,12.744458823743031,0.8800284178851143,4.319091819084633,-6.675432109441317,-3.009030818406245,0.2816232237608088,0.07091312013191814,0.3048484141279805,0.7443994645774702,0.06813289195334388,0.423962363021759,0.7335292702373734,0.21265174779059443
116,b-hex-p,smirnoff,aliphatic_carboxylates,-1.1000119823402201,-0.45148073297481517,-2.425199199871699,5.306080376740709,0.4240231805106376,3.951356634734566,-5.426682998862816,-2.4781092425801035,1.4337422342337878,0.23177021419303984,1.0852844942474238,2.6864810922752693,0.4148727461917599,1.8549685150721622,2.28957359682472,0.2331450894817833
117,b-hex-p,bgbg_tip3p,aliphatic_carboxylates,-0.6221745079892571,-0.261998281627676,-1.023925232834685,2.560000162229727,0.2009490622848915,0.3432179498457799,-0.20360700558376266,-2.236811162324102,0.8967032996917509,0.23858456045545234,1.0697402663370528,2.5544021189342896,0.1422991462756574,0.9658688655937521,1.4083411025464037,0.22148894937292524
118,b-hex-s,smirnoff,aliphatic_carboxylates,0.6839196387736592,-0.920932260901175,-3.5013377594553816,9.334626353914274,0.5244083065228438,2.8062986324240455,-5.2773348181654,-2.281808815542263,0.6787437508985109,0.07739191478257149,0.3638644943635187,0.9241918977424439,0.11952804214558412,0.48929860530699426,0.6218854769216511,0.1471698917742994
119,b-hex-s,bgbg_tip3p,aliphatic_carboxylates,2.1349910381431982,-0.9882370086364318,-3.8890365118849246,10.349925856610298,0.7745965149404128,2.7734857174614262,-4.939818260114407,-1.945925270245425,0.3625443095699138,0.0638319415538309,0.25559293888610013,0.6206602526705787,0.048633405240496766,0.19734329214636998,0.3996820355099273,0.1488716477668625
120,b-m4c-s,smirnoff,cyclic_alcohols,2.7795330324515817,-1.2420294216263912,-5.951082659682314,14.28759824846216,1.0370543435279913,6.862290055796734,-8.517262542904064,-3.6970349910907316,0.5371449618780633,0.11878837280712148,0.6794348519937268,1.2285463192297612,0.18622014178304327,0.9963839638348236,1.456969276860494,0.1545094670303309
121,b-m4c-s,bgbg_tip3p,cyclic_alcohols,3.30097136024051,-1.2252568547006888,-5.658872087004511,13.138955291256622,0.7697108641939607,3.4030044596513562,-3.486960988433566,-3.639609324730827,0.423029594873283,0.20415486251945217,0.8641295548432496,1.9984334360685778,0.14312289048864651,1.8380931777143557,2.284212306044448,0.5477877060403665
122,b-m4c-p,smirnoff,cyclic_alcohols,1.5999934304927592,-1.268138019323544,-6.349241395672834,14.147077802890976,0.7219439463126562,5.913883789186002,-7.48503862049256,-4.08049407239605,0.6710140456849918,0.15137544968338174,0.6839140652920083,1.6393728684716267,0.16288862048323186,0.7079487597467823,1.0437175367192058,0.18469783489716493
123,b-m4c-p,bgbg_tip3p,cyclic_alcohols,1.474482494926633,-1.2228866791644748,-5.433791641246927,12.122419533018615,0.45513640863755,4.316399784291889,-4.857325349719758,-3.905469560917936,0.8688217411500521,0.1274983229760454,0.6483397248008608,1.517490381408232,0.3726854916501687,1.2324523333720243,1.379922087188678,0.21913151126638333
124,b-m4t-p,smirnoff,cyclic_alcohols,0.5148657033169002,-1.2375589070231214,-6.456155575419388,13.20158483209832,0.5740437689888509,5.1882996923399105,-6.9128326205245685,-3.842515487142464,0.5525598390920005,0.1247425821244862,0.6329647133024215,1.4069367993256336,0.14633607192851936,0.6502535832310943,1.116511598939478,0.15806176236103764
125,b-m4t-p,bgbg_tip3p,cyclic_alcohols,2.764761498947337,-1.23619242220569,-5.605653174419444,12.728905696659297,0.8041534123899439,4.389158929578116,-5.355553923134721,-2.9600570199436333,0.7598964351754668,0.2610202375649194,1.221762342552792,2.7101274066443386,0.21988898011343797,1.1533924655314638,1.5740344153234638,0.43118084400300627
126,b-m4t-s,smirnoff,cyclic_alcohols,1.8573316825568327,-1.3641789851913018,-6.5399990307324884,14.607451551553481,0.7798347091170754,5.968745361631136,-7.939150188754866,-3.6553717350902843,0.5494577126372947,0.10252953588385298,0.4429850456754053,1.1377875242258753,0.19629284206523998,0.7237172544051894,1.030328841816489,0.17218314031810172
127,b-m4t-s,bgbg_tip3p,cyclic_alcohols,2.26462617521247,-1.1737092167305434,-5.242066596577331,12.103684719879283,0.8908762198126539,4.729909785550831,-5.697189224953036,-3.3468795117851187,0.5950237328278843,0.2401866663552045,1.1128755210789323,2.5138063424998682,0.15369152190281052,0.9204212122916283,1.4857781686795817,0.2859951308666421
128,b-mch-s,smirnoff,cyclic_alcohols,2.0774814211363264,-1.276561700717778,-6.346851253489717,15.374005961804812,0.20720595885889992,3.871100572327123,-5.783357287386025,-3.968060830271952,0.9736596544849554,0.07666314752758915,0.43331513939197575,1.2078768343668191,0.289604482207885,0.9445670326783531,0.9602012912153033,0.22648273313377212
129,b-mch-s,bgbg_tip3p,cyclic_alcohols,2.32881351191827,-1.3505890422010083,-6.063488564904972,13.760120601743381,0.9107921882512642,6.433030881240597,-7.024834781095706,-4.336217771104657,0.7865834833856308,0.060670994488368615,0.3572149273439146,0.9203071421939126,0.05313567269541864,0.596543858365381,0.7774094578877376,0.1755429919763211
130,b-mha-s,smirnoff,aliphatic_ammoniums,0.35285376450701733,-1.063268502129894,-4.61383988174326,10.01610649855283,0.1013938795221776,1.5795267033915934,-2.7487301609617134,-2.9183347720986603,0.6681273859524517,0.06189782862410299,0.3036107653087423,0.7189594097502628,0.2223929252445745,0.732851983651233,0.8892605013668281,0.1500378216214144
131,b-mha-s,bgbg_tip3p,aliphatic_ammoniums,3.274991271773615,-1.0626154232198175,-4.390846032942832,10.856775467769609,0.9600861622431012,2.417715856991663,-2.665300481246959,-2.840824277831416,0.485258608511193,0.09096982416116847,0.4460630868899404,0.9462272120830127,0.05905617185139423,0.2643807154860978,0.7124739232021142,0.18307564293739928
132,b-mha-p,smirnoff,aliphatic_ammoniums,0.9608864269393962,-0.7011372814566599,-3.456886552884214,7.329317507431483,0.7358055997782671,3.141539041745432,-4.149476172067807,-1.9382757156099615,0.7984247790611808,0.22353049586759619,1.1275077034051626,2.3722830351038025,0.13847688693958612,0.8552966559700016,1.2508645532812146,0.2463827449208917
133,b-mha-p,bgbg_tip3p,aliphatic_ammoniums,1.1244316513839294,-0.6459774315051021,-2.7545900390986873,6.381323389987301,0.409636681294387,1.3683551385712462,-1.8998028125279234,-1.7345132753580401,0.9960479564611372,0.23726678539533075,1.1479553838282248,2.6017358999811373,0.15641910522257105,0.781513716368851,1.0482199441867837,0.293391049707907
134,b-mch-p,smirnoff,cyclic_alcohols,-3.103284928129142,-0.04220000697732473,-0.07332956911214694,-1.0468547870450493,0.2825896872428757,3.3732393834607137,-3.180809800665884,-2.415919835040768,0.8214514552761477,0.14545149589501444,0.8086843098501989,1.681182322068632,0.37740389079998765,1.4158768523060399,1.5868549836775445,0.32714984121710006
135,b-mch-p,bgbg_tip3p,cyclic_alcohols,2.060989652702119,-0.976877544877297,-4.451916125951186,10.173549871100136,0.6904828416809465,3.5127220970271082,-4.162663107392291,-2.724308378900332,1.4833950444346815,0.37830498033440096,1.8171601627957146,4.078654559609329,0.2451599202163719,1.5771364772530492,1.5096689550992273,0.758393337092128
136,b-mo3-s,smirnoff,aliphatic_carboxylates,-2.5270705740040285,-0.810689630057503,-2.7857145276084765,7.481393653292372,0.43986924926888094,2.5468354098971986,-4.268401453708066,-5.130363275110085,0.39779559363454686,0.07335822905814589,0.3510592671904918,0.9021812631294125,0.178284139454298,0.5417629736295092,0.9224002615003443,0.18693743841106217
137,b-mo3-s,bgbg_tip3p,aliphatic_carboxylates,-0.4672813200559176,-0.9590743866165141,-3.7046441897977047,10.212414014906443,0.7818753123338027,3.4946307638398366,-5.6065040286193835,-4.685978806111507,0.5230690059145888,0.17879904234227906,0.7450756364373461,1.8912867937475921,0.1362313652508179,0.31275861111927333,0.7493935204572342,0.3910804238509626
138,b-mo4-p,smirnoff,aliphatic_carboxylates,-1.2129832960745262,-1.0373737032844588,-5.090524483302133,11.395953527798895,0.9059891680410814,5.660058650558085,-8.06294560329843,-4.984140852578548,0.5202471899163568,0.09478003355839723,0.3932093825327514,0.9292084007373093,0.33981534318863615,1.8233351601623253,2.2062756309038116,0.20275951485099966
139,b-mo4-p,bgbg_tip3p,aliphatic_carboxylates,-1.1707426536813728,-0.8270291922610014,-3.3503580563082096,7.911195316083081,0.42810535634896496,1.8129353442659522,-3.0942729048765614,-4.051318516914762,0.48688333782769677,0.2203628890744844,0.9313863277435704,2.2359212044293297,0.199184248324941,0.7367237067765173,1.372291109565127,0.40655573305427983
140,b-mo4-s,smirnoff,aliphatic_carboxylates,-2.7967734100311645,-0.8636463569165542,-3.212980766282314,7.9117220613734105,0.38491442610364857,2.541259576735456,-4.4080619922460755,-5.149980358775792,0.611337326141544,0.1371523156854862,0.5283107999753506,1.3186243236923414,0.3041664693143205,0.7999403023537026,1.131775864285152,0.2067943149803131
141,b-mo4-s,bgbg_tip3p,aliphatic_carboxylates,-0.8498527002520859,-1.084526155153604,-4.5060119188764105,11.20989796039143,0.8226164802518241,2.8860629081392517,-5.683685828720627,-4.4942061462857055,0.38241761634623556,0.0748802759989153,0.3335983336771372,0.750726705996643,0.051496367581658445,0.24977744103272756,0.40114720506510076,0.15262075651987442
142,b-mo3-p,smirnoff,aliphatic_carboxylates,-2.989673002011841,-0.9575582001671776,-4.305886525276051,9.478388154638111,0.1424035414440752,2.3802885202226207,-4.881495643698145,-4.8458128491683965,0.9669550262478201,0.12275202188329784,0.6201641249500746,1.4951124070563975,0.32885707733596015,1.3894374136537104,1.8560526666506154,0.3691989973799145
143,b-mo3-p,bgbg_tip3p,aliphatic_carboxylates,-1.132121872076823,-1.1847314494094903,-4.827683711480518,11.472255046489977,0.8368557345517047,2.737415265579102,-5.446914766365808,-4.719317991448861,0.30655081592322325,0.03973362007955454,0.1980914235425928,0.48590939622977014,0.039657073124099294,0.2388462477238338,0.4605863092349499,0.1815036439899897
144,b-mp3-s,smirnoff,aliphatic_carboxylates,-0.6597655233963451,-0.7609181134683993,-3.130610448631586,8.220767075073155,0.47535469880539694,2.4920847293376482,-3.6296116178309603,-4.326831846689856,0.7538857991772309,0.161023077496037,0.6136719493939237,1.494708472629565,0.24431444944114744,1.1023361252823516,1.6144937577611584,0.2987381655986109
145,b-mp3-s,bgbg_tip3p,aliphatic_carboxylates,0.6541097554836597,-1.1126722003714278,-4.848509680392198,12.205149019730783,0.6922152396361341,3.9203960329784877,-5.568932353580749,-4.633536302501398,0.5881135274563248,0.10866195811892193,0.5501963009738636,1.310980287759331,0.06687744516570371,0.3912618506842985,0.6075620633180078,0.20499315946780436
146,b-mp4-s,smirnoff,aliphatic_carboxylates,-3.045620618653629,-0.8726724869142828,-3.6643773800541197,8.101725720783406,-0.2849807565300182,1.9918106640423048,-3.914926092551468,-4.402200287427149,0.8450727151189605,0.06698590800763389,0.7555816302042312,0.9253329660800315,0.31661017551053394,0.9310106501062142,1.39878461534097,0.4801261106241445
147,b-mp4-s,bgbg_tip3p,aliphatic_carboxylates,0.9593897463018948,-0.8796096582408239,-3.5776187407607694,9.81996994598532,0.8789411018341085,3.5974241799467563,-4.850017763845244,-4.029699318625262,0.6571288678013106,0.12030802144209532,0.5533328067195152,0.9789444997082148,0.21581491250226995,0.6576073288433298,0.6601371306344075,0.4062543820884767
148,b-mp4-p,smirnoff,aliphatic_carboxylates,-1.6403817831997003,-1.1133141573823693,-5.149369208366153,11.297080060378903,0.09516563678386092,2.4118514344261257,-4.3962111682703835,-4.785584380769251,0.9857261086375159,0.1416627584730762,0.7196190879304813,1.6673486084526898,0.3581695900199596,1.1738038759602527,1.3035396181888774,0.26891227417879976
149,b-mp4-p,bgbg_tip3p,aliphatic_carboxylates,-0.5534841970002162,-0.8551360591917287,-3.7345846382438594,8.748253151208331,0.5918056998657093,2.615041890569273,-3.886731100083125,-4.032133141161921,0.4340420787530272,0.14622964061247684,0.6477533643675794,1.539862000678424,0.09413608954427681,0.5089459965113701,0.8834268416753107,0.42269410633541393
150,b-mp3-p,smirnoff,aliphatic_carboxylates,-2.05660851353241,-0.25041978013263133,-1.0648117859391277,2.449446913079896,0.19592790145371453,1.4844672663574556,-1.9973927506762266,-2.873826277681019,0.9469211367108908,0.2071913116697265,1.0083033597523767,2.343341472337568,0.41835697984767,1.9860581227676664,2.431649717987907,0.21768508461471986
151,b-mp3-p,bgbg_tip3p,aliphatic_carboxylates,0.7502683821912797,-0.7515955246977626,-3.053163209492368,7.741062121731716,0.605658804482303,1.6879992385137257,-1.842797483845061,-3.6368955644779817,0.5700691198597221,0.11226468724425195,0.5973774615716122,1.1084278817596749,0.07583766625492647,0.6279839017810728,1.0488766878032736,0.37097386683040756
152,b-oam-s,smirnoff,aliphatic_ammoniums,1.1005278552911477,-1.3415879969280127,-5.969829935223018,13.034805850213985,0.7573995262818087,3.1572903235544345,-5.730239863725728,-2.80731004886502,0.40817674018440486,0.05548457307047233,0.2848476847679851,0.687346413018094,0.2732761971534238,0.7650155592572806,1.1014497642693502,0.12524351207945503
153,b-oam-s,bgbg_tip3p,aliphatic_ammoniums,2.6647972711289185,-1.325609520440885,-5.624806759934415,12.828833932270697,1.1219964799993605,2.8865267506595274,-4.024228184949607,-3.1979154264786303,0.3986454015725838,0.045984907042375935,0.19684664303768715,0.4969271687196923,0.03404769655933571,0.18641558350587817,0.6018811109115805,0.16094054942919972
154,b-pb3-s,smirnoff,aliphatic_carboxylates,-1.7363862734491704,-0.9900488197936497,-3.1854576492279136,7.993026965218576,-0.3097504796931716,-1.4240019877915984,0.30260826273297425,-4.122762564877576,1.1236033167727084,0.21636498637616824,1.0577919623173209,2.550886988646494,0.5519055069793528,1.936715163399764,2.7380436578898286,0.4016928935975571
155,b-pb3-s,bgbg_tip3p,aliphatic_carboxylates,1.7807164579426171,-1.2419865604303482,-5.177520613627138,13.034116178479024,0.9650821993149847,2.345581554727346,-4.243198691387079,-3.901357609160641,0.3731458388261394,0.07932063021341,0.4224388546584804,0.9698887851154184,0.04468306508352874,0.38291674405504306,0.8153868902056429,0.1938885381116461
156,b-pb3-p,smirnoff,aliphatic_carboxylates,-0.9888342150770768,-0.40532559290122805,-1.9920206352682186,3.905198282340848,0.2167956025503912,1.2776701118223173,-0.9744544548484555,-3.0166975287838795,0.6895770937539083,0.3281652372773032,1.5670299577964406,3.2186827534081246,0.30865775769847476,1.3314546734216781,1.5478696597621775,0.8091119305451371
157,b-pb3-p,bgbg_tip3p,aliphatic_carboxylates,1.7599706183791568,-1.2588301500103825,-5.594936522437976,12.35645586447626,0.5030748033867667,3.5306905689965333,-3.3070621607766952,-4.469421785260238,0.8064436739041109,0.14707309025623733,0.7479450635666066,1.7667742374672974,0.2912773838807068,1.0669624827999333,1.413953045235096,0.398861834510166
158,b-oam-p,smirnoff,aliphatic_ammoniums,0.738524422973569,-1.1056656220076846,-5.286793658020784,10.671640236450713,0.5533948971088591,3.4592759742434964,-4.844481337859179,-2.7088460669419874,0.8263429111965918,0.12504706294859794,0.6072987264517331,1.4789511276024072,0.16695228510322283,0.6805421851551268,0.8541090870668975,0.2714916245623493
159,b-oam-p,bgbg_tip3p,aliphatic_ammoniums,2.645278311254515,-1.3210173291540386,-5.593405317051648,12.7710136413464,0.757892062372008,3.7721505152529744,-4.401056113016239,-3.3402991484817903,0.9248673385959291,0.08692557270628634,0.535130445643613,1.318384710401299,0.24010616158860035,0.37533976193965046,0.6555959382018225,0.14842964941157147
160,b-pb4-s,smirnoff,aliphatic_carboxylates,0.034391712473734515,-1.1926126147794491,-5.175728359826948,11.899615960565143,0.636941672441111,2.714077792250123,-3.9789984808376175,-4.8689042573573715,0.7445155692279333,0.09618059203433624,0.5012951697041398,1.130493975398982,0.2284697081699654,0.735247810033586,0.9001641651511906,0.1980264362626431
161,b-pb4-s,bgbg_tip3p,aliphatic_carboxylates,-1.4184242445553537,-1.0547421925433937,-3.925462204944253,9.134541193149687,-0.06141896934677504,0.31457228540159576,-1.5833182678034063,-4.242596088455684,0.8606386380825286,0.09066359907053657,0.48540513013942216,1.1459650029981974,0.3872980408552369,1.3372911600167807,1.4586680881961285,0.1672250635058186
162,b-pha-s,smirnoff,aliphatic_carboxylates,-1.0516377082567487,-0.9672157751533348,-4.010277265799417,10.03034338332995,0.12991109278425483,3.5227294079130616,-5.436769791911502,-4.320358759438022,0.7698415171552396,0.10506144511255235,0.49678153782817175,1.2398934316527275,0.2792572005504122,0.7846321157986216,1.0107970652190894,0.16226428876361798
163,b-pha-s,bgbg_tip3p,aliphatic_carboxylates,-1.5652324562615831,-0.929379233251872,-3.837214846913426,8.837139541921232,-0.19112940135072876,1.3270499383515926,-2.4132933410182886,-4.358405114014204,1.0799655689993168,0.0828818211474912,0.46215823410661805,1.2892063144602368,0.38440868069769196,1.1476102974799103,1.1149184244393626,0.23664831607017667
164,b-pb4-p,smirnoff,aliphatic_carboxylates,-0.22462267991431872,-1.1994386477972085,-5.902266257675706,12.9550070712626,0.6214743001648202,4.475443195416688,-6.019677096810483,-5.155165244485488,0.6093509828507232,0.058975404548966055,0.26021394184325963,0.640831404387056,0.1296060280010583,0.3366054408718446,0.5070969692748657,0.18591385625581455
165,b-pb4-p,bgbg_tip3p,aliphatic_carboxylates,-1.6273869909600762,-1.0025286942185545,-4.307989989797335,9.369097912381136,0.11414193857313393,2.814597700285958,-4.0688850147525955,-4.545820843445654,0.8874385941266943,0.1385371262557378,0.6366930590299329,1.6524280838210956,0.3347844898045853,1.4065735334687408,1.5776081876841814,0.401230412842785
166,b-pha-p,smirnoff,aliphatic_carboxylates,-1.4642081557249185,-0.6773336654603028,-3.230378236722359,7.484798029483869,0.17728731019892763,2.6125636679267927,-3.813363358964125,-4.0177819021723735,0.8712588417308998,0.28416105689788196,1.4718887892625643,3.216205598436869,0.3505757362801701,1.351832188183284,1.8488355035750312,0.3315321066448951
167,b-pha-p,bgbg_tip3p,aliphatic_carboxylates,0.12392774188629119,-0.9345747068409196,-4.446985448309007,9.907341536911929,0.4945237009931489,3.1100595326521443,-4.737936411987903,-3.268500461569147,0.6867622620718694,0.24107065204681924,1.1582701638703705,2.7143480568814815,0.13045175960566371,0.7517876077687433,1.2901461122586584,0.5009058116291462
168,b-pnt-s,smirnoff,aliphatic_carboxylates,-0.5259596394680557,-0.4425760821784195,-1.7045179769217782,4.543762554046339,0.34349126831564547,1.983830073917602,-3.0084246923361206,-2.2415247842964163,1.2299202242204132,0.14855114441443917,0.6629340920479013,1.9438192126725005,0.24642235642550814,1.1857728232801978,1.38932545344218,0.2394683613551141
169,b-pnt-s,bgbg_tip3p,aliphatic_carboxylates,-0.5421119790371449,-0.47470137804747736,-1.8464520834077263,4.9137595085234125,0.10936495532939716,1.0895360446826317,-2.9330554755615594,-1.4005635505409373,1.069877661844901,0.08757300819575176,0.4200657976242338,1.180181818671828,0.2963764072742303,0.8418077861243475,0.8956779979052724,0.29230645091593616
170,b-pnt-p,smirnoff,aliphatic_carboxylates,-1.7444356878368126,-0.3259008725394068,-1.3254997673582238,2.7343152123991956,-0.20249246035458413,0.07250789156000792,-0.9871145783399697,-1.7102511131947722,0.8621955981285128,0.12948075086046848,0.6134797799146685,1.4984403813632106,0.26061284701630905,0.8523488724312746,1.0646292306361487,0.2836603004964279
171,b-pnt-p,bgbg_tip3p,aliphatic_carboxylates,-0.43406234506255714,-0.09750904722089615,-0.3109568993795051,1.2659544054533853,0.33400566050691793,0.5238545167170514,-0.336315483218641,-1.8130954979042144,0.8962836467666808,0.1565884006217504,0.7440049512323058,1.9696642807630977,0.3386770709088314,1.505641550553707,2.0997088867997262,0.20209350369289358
